<?xml version="1.0" encoding="UTF-8"?>
<content xmlns:j="http://www.jahia.org/jahia/1.0" xmlns:jcr="http://www.jcp.org/jcr/1.0">
   <modules jcr:primaryType="jnt:modules">
      <bootstrap4-templates j:dependencies="bootstrap4-components bootstrap4-core default jquery popperjs"
                            j:installedModules="bootstrap4-templates"
                            j:modulePriority="0"
                            j:moduleType="templatesSet"
                            j:title="bootstrap4-templates"
                            jcr:mixinTypes="jmix:hasExternalProviderExtension"
                            jcr:primaryType="jnt:module">
         <sources jcr:mixinTypes="jmix:hasExternalProviderExtension"
                  jcr:primaryType="jnt:moduleVersionFolder"
                  j:staticMountPointProviderKey="module-bootstrap4-templates-1.3">
            <src jcr:mixinTypes="jmix:hasExternalProviderExtension"
                 jcr:primaryType="jnt:folder">
               <main jcr:mixinTypes="jmix:hasExternalProviderExtension"
                     jcr:primaryType="jnt:folder">
                  <resources jcr:mixinTypes="jmix:hasExternalProviderExtension"
                             jcr:primaryType="jnt:folder">
                     <jnt_template jcr:mixinTypes="jmix:hasExternalProviderExtension"
                                   jcr:primaryType="jnt:nodeTypeFolder">
                        <html jcr:mixinTypes="jmix:hasExternalProviderExtension"
                              jcr:primaryType="jnt:templateTypeFolder">
                           <template.bootstrap4-templates.jsp jcr:primaryType="jnt:templateFile"/>
                        </html>
                     </jnt_template>
                  </resources>
               </main>
            </src>
         </sources>
         <portlets jcr:primaryType="jnt:portletFolder"/>
         <files jcr:primaryType="jnt:folder"/>
         <contents jcr:primaryType="jnt:contentFolder"/>
         <templates jcr:primaryType="jnt:templatesFolder">
            <files jcr:primaryType="jnt:folder">
               <themes jcr:primaryType="jnt:folder">
                  <default jcr:primaryType="jnt:folder"/>
               </themes>
            </files>
            <contents jcr:primaryType="jnt:contentFolder"/>
            <base j:theme="#/modules/bootstrap4-templates/templates/files/themes/default"
                  j:view="bootstrap4-templates"
                  jcr:mixinTypes="jmix:theme"
                  jcr:primaryType="jnt:template">
               <headercontent jcr:primaryType="jnt:contentList">
                  <header-absoluteArea jcr:mixinTypes="bootstrap4mix:createAbsoluteAreas"
                                       jcr:primaryType="bootstrap4nt:grid"
                                       level="0"/>
               </headercontent>
               <footercontent jcr:primaryType="jnt:contentList">
                  <footer-absoluteArea jcr:mixinTypes="bootstrap4mix:createAbsoluteAreas"
                                       jcr:primaryType="bootstrap4nt:grid"
                                       level="0"/>
               </footercontent>
               <free j:hiddenTemplate="false" jcr:primaryType="jnt:pageTemplate">
                  <j:translation_en jcr:language="en"
                                    jcr:mixinTypes="mix:title"
                                    jcr:primaryType="jnt:translation"
                                    jcr:title="Free"/>
               </free>
               <home jcr:primaryType="jnt:pageTemplate"/>
            </base>
            <content-template j:applyOn="jnt:content"
                              j:hiddenTemplate="true"
                              j:priority="1"
                              j:view="bootstrap4-templates"
                              jcr:primaryType="jnt:contentTemplate">
               <pagecontent jcr:primaryType="jnt:contentList">
                  <main-resource-display j:mainResourceView="default" jcr:primaryType="jnt:mainResourceDisplay"/>
               </pagecontent>
            </content-template>
         </templates>
         <home j:isHomePage="true"
               j:templateName="home"
               jcr:primaryType="jnt:page">
            <j:translation_en jcr:language="en"
                              jcr:mixinTypes="mix:title"
                              jcr:primaryType="jnt:translation"
                              jcr:title="Home"/>
         </home>
      </bootstrap4-templates>
   </modules>
</content>